species,complex,Tortoli,Fedrizzi,Romagnoli
Mycobacterium abscessus,M. chelonae-abscessus complex,M. chelonae-abscessus complex,,
Mycobacterium algericum,M. terrae complex,M. terrae complex,,
Mycobacterium arosiense,M. avium complex,M. avium complex,,
Mycobacterium arupense,M. terrae complex,M. terrae complex,,
Mycobacterium avium,M. avium complex,M. avium complex,,
Mycobacterium barrassiae,M. smegmatis complex,M. smegmatis complex,,
Mycobacterium boenickei,M. fortuitum complex,M. fortuitum complex,,
Mycobacterium brisbanense,M. fortuitum complex,M. fortuitum complex,,
Mycobacterium celatum,M. celatum complex,M. celatum complex,M. celatum complex,
Mycobacterium chelonae,M. chelonae-abscessus complex,M. chelonae-abscessus complex,M. chelonae-abscessus complex,
Mycobacterium colombiense,M. avium complex,M. avium complex,,
Mycobacterium crassicus,M. terrae complex,,,M. terrae complex
Mycobacterium engbaekii,M. terrae complex,M. terrae complex,M. terrae complex,
Mycobacterium europaeum,M. simiae complex,M. simiae complex,M. simiae complex,
Mycobacterium florentinum,M. simiae complex,M. simiae complex,M. simiae complex,
Mycobacterium fortuitum,M. fortuitum complex,M. fortuitum complex,,
Mycobacterium fragae,M. celatum complex,M. celatum complex,M. celatum complex,
Mycobacterium franklinii,M. chelonae-abscessus complex,M. chelonae-abscessus complex,,
Mycobacterium genavense,M. simiae complex,M. simiae complex,,
Mycobacterium heidelbergense,M. simiae complex,M. simiae complex,,
Mycobacterium heraklionense,M. terrae complex,M. terrae complex,,
Mycobacterium hiberniae,M. terrae complex,M. terrae complex,M. terrae complex,
Mycobacterium houstonense,M. fortuitum complex,M. fortuitum complex,,
Mycobacterium immunogenum,M. chelonae-abscessus complex,,M. chelonae-abscessus complex,
Mycobacterium interjectum,M. simiae complex,M. simiae complex,M. simiae complex,
Mycobacterium intermedium,M. simiae complex,M. simiae complex,,
Mycobacterium intracellulare,M. avium complex,M. avium complex,M. avium complex,
Mycobacterium koreense,M. triviale complex,M. triviale complex,,
Mycobacterium kubicae,M. simiae complex,M. simiae complex,M. simiae complex,
Mycobacterium kumamotonense,M. terrae complex,M. terrae complex,,
Mycobacterium kyorinense,M. celatum complex,M. celatum complex,M. celatum complex,
Mycobacterium lentiflavum,M. simiae complex,M. simiae complex,,
Mycobacterium leprae,M. leprae complex,M. leprae complex,,
Mycobacterium lepromatosis,M. leprae complex,M. leprae complex,,
Mycobacterium longobardum,M. terrae complex,M. terrae complex,M. terrae complex,
Mycobacterium mantenii,M. scrofulaceum complex,M. scrofulaceum complex,,
Mycobacterium marseillense,M. avium complex,M. avium complex,,
Mycobacterium minnesotense,M. terrae complex,M. terrae complex,,
Mycobacterium montefiorense,M. simiae complex,M. simiae complex,,
Mycobacterium nativiensis,M. terrae complex,,,M. terrae complex
Mycobacterium neworleansense,M. fortuitum complex,M. fortuitum complex,,
Mycobacterium nonchromogenicum,M. terrae complex,M. terrae complex,M. terrae complex,
Mycobacterium palustre,M. simiae complex,M. simiae complex,M. simiae complex,
Mycobacterium paraense,M. simiae complex,,M. simiae complex,
Mycobacterium paraffinicum,M. scrofulaceum complex,M. scrofulaceum complex,,
Mycobacterium parakoreense,M. triviale complex,M. triviale complex,,
Mycobacterium parascrofulaceum,M. simiae complex,M. simiae complex,,
Mycobacterium paraseoulense,M. scrofulaceum complex,M. scrofulaceum complex,,
Mycobacterium paraterrae,M. terrae complex,M. terrae complex,,
Mycobacterium parmense,M. simiae complex,M. simiae complex,M. simiae complex,
Mycobacterium peregrinum,M. fortuitum complex,M. fortuitum complex,M. fortuitum complex,
Mycobacterium porcinum,M. fortuitum complex,M. fortuitum complex,,
Mycobacterium salmoniphilum,M. chelonae-abscessus complex,M. chelonae-abscessus complex,,
Mycobacterium saskatchewanense,M. simiae complex,M. simiae complex,M. simiae complex,
Mycobacterium scrofulaceum,M. scrofulaceum complex,M. scrofulaceum complex,,
Mycobacterium senegalense,M. fortuitum complex,M. fortuitum complex,M. fortuitum complex,
Mycobacterium senriense,M. avium complex,M. avium complex,,
Mycobacterium senuense,M. terrae complex,M. terrae complex,M. terrae complex,
Mycobacterium seoulense,M. scrofulaceum complex,M. scrofulaceum complex,,
Mycobacterium septicum,M. fortuitum complex,M. fortuitum complex,,
Mycobacterium setense,M. fortuitum complex,M. fortuitum complex,,
Mycobacterium sherrisii,M. simiae complex,M. simiae complex,M. simiae complex,
Mycobacterium shigaense,M. simiae complex,M. simiae complex,,
Mycobacterium simiae,M. simiae complex,M. simiae complex,,
Mycobacterium smegmatis,M. smegmatis complex,M. smegmatis complex,,
Mycobacterium stomatepiae,M. simiae complex,M. simiae complex,,
Mycobacterium terrae,M. terrae complex,M. terrae complex,M. terrae complex,
Mycobacterium tilburgii,M. simiae complex,M. simiae complex,,
Mycobacterium triplex,M. simiae complex,M. simiae complex,M. simiae complex,
Mycobacterium triviale,M. triviale complex,M. triviale complex,,
Mycobacterium vasticus,M. terrae complex,,,M. terrae complex
Mycobacterium vulneris,M. avium complex,M. avium complex,,
Mycobacterium wolinskyi,M. smegmatis complex,,M. smegmatis complex,
Mycobacterium zoologicum,M. terrae complex,,,M. terrae complex