species,complex,accession
Mycobacterium abscessus,M. chelonae-abscessus complex,GCF_000069185.1
Mycobacterium ahvazicum,M. simiae complex,GCF_900176255.2
Mycobacterium algericum,M. terrae complex,GCF_002086455.1
Mycobacterium algericum_A,M. terrae complex,GCF_003284925.1
Mycobacterium alvei,M. fortuitum complex,GCF_010727325.1
Mycobacterium appelbergii,M. fortuitum complex,GCF_032883035.1
Mycobacterium aquaticum,M. fortuitum complex,GCF_002086485.1
Mycobacterium arosiense,M. avium complex,GCF_002086125.1
Mycobacterium arosiense_A,M. avium complex,GCF_003284935.1
Mycobacterium arupense,M. terrae complex,GCF_002086515.1
Mycobacterium avium,M. avium complex,GCF_009741445.1
Mycobacterium boenickei,M. fortuitum complex,GCF_010731295.1
Mycobacterium branderi,M. celatum group,GCF_010728725.1
Mycobacterium brisbanense,M. fortuitum complex,GCF_001570425.1
Mycobacterium celatum,M. celatum group,GCF_002101595.1
Mycobacterium chelonae,M. chelonae-abscessus complex,GCF_001632805.1
Mycobacterium chelonae_A,M. chelonae-abscessus complex,GCA_014204435.1
Mycobacterium colombiense,M. avium complex,GCF_002105755.1
Mycobacterium colombiense_A,M. avium complex,GCF_001665835.1
Mycobacterium colombiense_B,M. avium complex,GCF_001953985.1
Mycobacterium colombiense_C,M. avium complex,GCF_001672755.1
Mycobacterium dioxanotrophicus,M. fortuitum complex,GCF_002157835.1
Mycobacterium engbaekii,M. terrae complex,GCF_002101585.1
Mycobacterium europaeum,M. scrofulaceum group,GCF_002102155.1
Mycobacterium europaeum_A,M. avium complex,GCF_003284975.1
Mycobacterium florentinum,M. simiae complex,GCF_010730355.1
Mycobacterium fortuitum,M. fortuitum complex,GCF_022179545.1
Mycobacterium fortunisiensis,M. fortuitum complex,GCF_019050325.1
Mycobacterium franklinii,M. chelonae-abscessus complex,GCF_002013895.1
Mycobacterium frederiksbergense_B,M. fortuitum complex,GCF_029893345.1
Mycobacterium genavense,M. simiae complex,GCF_000526915.1
Mycobacterium goodii,M. smegmatis group,GCF_022370755.2
Mycobacterium goodii_B,M. smegmatis group,GCF_001187505.1
Mycobacterium gwanakae,M. chelonae-abscessus complex,GCF_016767715.1
Mycobacterium hainanense,M. scrofulaceum group,GCF_041890355.1
Mycobacterium heraklionense,M. terrae complex,GCF_019645815.1
Mycobacterium heraklionense_A,M. terrae complex,GCF_046250095.1
Mycobacterium heraklionense_C,M. terrae complex,GCA_024758765.1
Mycobacterium hiberniae,M. terrae complex,GCF_010729485.1
Mycobacterium holstebronense,M. terrae complex,GCF_963378105.1
Mycobacterium houstonense,M. fortuitum complex,GCF_025823315.1
Mycobacterium icosiumassiliensis,M. terrae complex,GCF_900078685.2
Mycobacterium immunogenum,M. chelonae-abscessus complex,GCF_001605725.1
Mycobacterium intracellulare,M. avium complex,GCF_000277125.1
Mycobacterium kokjensenii,M. terrae complex,GCF_963378075.1
Mycobacterium koreense,M. triviale group,GCF_002104795.1
Mycobacterium kumamotonense,M. terrae complex,GCF_002086285.1
Mycobacterium kyorinense,M. celatum group,GCF_002101735.1
Mycobacterium lentiflavum,M. simiae complex,GCF_022374895.2
Mycobacterium leprae,M. leprae group,GCF_000195855.1
Mycobacterium lepromatosis,M. leprae group,GCF_000975265.2
Mycobacterium longobardum,M. terrae complex,GCF_002102265.1
Mycobacterium lutetiense,M. fortuitum complex,GCF_017876775.1
Mycobacterium mantenii,M. avium complex,GCF_010731775.1
Mycobacterium mantenii_A,M. avium complex,GCF_001667865.1
Mycobacterium marseillense,M. avium complex,GCF_010731675.1
Mycobacterium minnesotense,M. terrae complex,GCF_010731755.1
Mycobacterium montefiorense,M. simiae complex,GCF_025823255.1
Mycobacterium nebraskense,M. scrofulaceum group,GCF_002102255.1
Mycobacterium neworleansense,M. fortuitum complex,GCF_001245615.1
Mycobacterium nivoides,M. fortuitum complex,GCF_003855255.1
Mycobacterium nonchromogenicum,M. terrae complex,GCF_002101775.1
Mycobacterium numidiamassiliense,M. simiae complex,GCF_900157365.1
Mycobacterium paraffinicum,M. scrofulaceum group,GCF_025822865.1
Mycobacterium paraffinicum_A,M. scrofulaceum group,GCF_001907675.1
Mycobacterium parakoreense,M. triviale group,GCF_022370835.2
Mycobacterium parascrofulaceum,M. scrofulaceum group,GCF_000164135.1
Mycobacterium paraseoulense,M. scrofulaceum group,GCF_010731655.1
Mycobacterium peregrinum,M. fortuitum complex,GCF_002102345.1
Mycobacterium peregrinum_A,M. fortuitum complex,GCF_001665785.1
Mycobacterium peregrinum_B,M. fortuitum complex,GCF_001665625.1
Mycobacterium porcinum,M. fortuitum complex,GCF_025823105.1
Mycobacterium porcinum_A,M. fortuitum complex,GCA_001942045.1
Mycobacterium rhizamassiliense,M. simiae complex,GCF_900157375.1
Mycobacterium salmoniphilum,M. chelonae-abscessus complex,GCF_004924335.1
Mycobacterium saopaulense,M. chelonae-abscessus complex,GCF_001456355.1
Mycobacterium scrofulaceum,M. scrofulaceum group,GCF_002086735.1
Mycobacterium scrofulaceum_C,M. scrofulaceum group,GCF_001667885.1
Mycobacterium senegalense,M. fortuitum complex,GCF_019645875.1
Mycobacterium senriense,M. avium complex,GCF_019668465.1
Mycobacterium senuense,M. terrae complex,GCF_002101885.1
Mycobacterium seoulense,M. scrofulaceum group,GCF_010731595.1
Mycobacterium septicum,M. fortuitum complex,GCF_000455325.1
Mycobacterium setense,M. fortuitum complex,GCF_000805385.1
Mycobacterium sherrisii,M. simiae complex,GCF_002102355.1
Mycobacterium shigaense,M. simiae complex,GCF_002356315.1
Mycobacterium simiae,M. simiae complex,GCF_010727605.1
Mycobacterium sinense_A,M. terrae complex,GCF_001667375.1
Mycobacterium sinense_B,M. terrae complex,GCF_001667945.1
Mycobacterium sinense_C,M. terrae complex,GCF_001673565.1
Mycobacterium smegmatis,M. smegmatis group,GCF_001457595.1
Mycobacterium sp000373905,M. fortuitum complex,GCF_000373905.1
Mycobacterium sp000382405,M. fortuitum complex,GCF_000382405.1
Mycobacterium sp000426065,M. fortuitum complex,GCF_000426065.1
Mycobacterium sp000455125,M. terrae complex,GCF_000455125.1
Mycobacterium sp001665235,M. simiae complex,GCA_001665235.1
Mycobacterium sp001665685,M. fortuitum complex,GCF_001665685.1
Mycobacterium sp001665875,M. avium complex,GCF_001665875.1
Mycobacterium sp001666835,M. scrofulaceum group,GCF_001666835.1
Mycobacterium sp001667075,M. scrofulaceum group,GCF_001667075.1
Mycobacterium sp001667145,M. avium complex,GCF_001667145.1
Mycobacterium sp001667275,M. scrofulaceum group,GCF_001667275.1
Mycobacterium sp001667315,M. avium complex,GCF_001667315.1
Mycobacterium sp001667585,M. scrofulaceum group,GCF_001667585.1
Mycobacterium sp001667665,M. scrofulaceum group,GCF_001667665.1
Mycobacterium sp001667735,M. scrofulaceum group,GCF_001667735.1
Mycobacterium sp001667775,M. scrofulaceum group,GCF_001667775.1
Mycobacterium sp001667925,M. avium complex,GCF_001667925.1
Mycobacterium sp001668625,M. triviale group,GCF_001668625.1
Mycobacterium sp001672975,M. avium complex,GCF_001672975.1
Mycobacterium sp001673555,M. avium complex,GCF_001673555.1
Mycobacterium sp001953975,M. fortuitum complex,GCF_001953975.1
Mycobacterium sp001954135,M. fortuitum complex,GCF_001954135.1
Mycobacterium sp002013375,M. chelonae-abscessus complex,GCF_002013375.1
Mycobacterium sp002013415,M. chelonae-abscessus complex,GCA_002013415.1
Mycobacterium sp002013465,M. chelonae-abscessus complex,GCA_002013465.1
Mycobacterium sp002013775,M. chelonae-abscessus complex,GCA_002013775.1
Mycobacterium sp003402475,M. celatum group,GCF_003402475.1
Mycobacterium sp004298145,M. avium complex,GCF_004298145.1
Mycobacterium sp004762045,M. fortuitum complex,GCF_004762045.1
Mycobacterium sp009729095,M. fortuitum complex,GCF_009729095.1
Mycobacterium sp009729205,M. chelonae-abscessus complex,GCF_009729205.1
Mycobacterium sp011745145,M. fortuitum complex,GCF_011745145.1
Mycobacterium sp013449725,M. chelonae-abscessus complex,GCF_013449725.1
Mycobacterium sp020217485,M. avium complex,GCF_020217485.1
Mycobacterium sp025263485,M. scrofulaceum group,GCF_025263485.1
Mycobacterium sp025933915,M. avium complex,GCF_025933915.1
Mycobacterium sp026625985,M. simiae complex,GCF_026625985.1
Mycobacterium sp026723865,M. simiae complex,GCF_026723865.1
Mycobacterium sp030486405,M. fortuitum complex,GCF_030486405.1
Mycobacterium sp035617725,M. avium complex,GCF_035617725.1
Mycobacterium sp035716165,M. avium complex,GCA_035716165.1
Mycobacterium sp035996225,M. simiae complex,GCA_035996225.1
Mycobacterium sp036235365,M. fortuitum complex,GCF_036235365.1
Mycobacterium sp036273375,M. avium complex,GCA_036273375.1
Mycobacterium sp036338755,M. avium complex,GCA_036338755.1
Mycobacterium sp036409155,M. simiae complex,GCF_036409155.1
Mycobacterium sp039023525,M. simiae complex,GCF_039023525.1
Mycobacterium sp040655355,M. fortuitum complex,GCF_040655355.1
Mycobacterium sp040704635,M. fortuitum complex,GCA_040704635.1
Mycobacterium sp041287235,M. simiae complex,GCF_041287235.1
Mycobacterium sp045343915,M. avium complex,GCF_045343915.1
Mycobacterium sp046250075,M. terrae complex,GCF_046250075.1
Mycobacterium sp048282725,M. fortuitum complex,GCF_048282725.1
Mycobacterium sp050701835,M. chelonae-abscessus complex,GCA_050701835.1
Mycobacterium sp900240975,M. scrofulaceum group,GCF_900240975.1
Mycobacterium sp963712615,M. simiae complex,GCA_963712615.1
Mycobacterium sp963732835,M. scrofulaceum group,GCA_963732835.1
Mycobacterium sp963794245,M. simiae complex,GCA_963794245.1
Mycobacterium sp963796035,M. avium complex,GCA_963796035.1
Mycobacterium sp963797865,M. avium complex,GCA_963797865.1
Mycobacterium sp963815705,M. simiae complex,GCA_963815705.1
Mycobacterium sp963820045,M. scrofulaceum group,GCA_963820045.1
Mycobacterium sp963826365,M. simiae complex,GCA_963826365.1
Mycobacterium sp963832935,M. simiae complex,GCA_963832935.1
Mycobacterium sp963849935,M. avium complex,GCA_963849935.1
Mycobacterium sp963850895,M. scrofulaceum group,GCA_963850895.1
Mycobacterium sp964292075,M. terrae complex,GCA_964292075.1
Mycobacterium sp964397355,M. terrae complex,GCA_964397355.1
Mycobacterium stephanolepidis,M. chelonae-abscessus complex,GCF_002356335.1
Mycobacterium stomatepiae,M. simiae complex,GCF_010731715.1
Mycobacterium syngnathidarum,M. fortuitum complex,GCF_001942625.1
Mycobacterium terrae,M. terrae complex,GCF_010727125.1
Mycobacterium tilburgii,M. simiae complex,GCF_902168065.1
Mycobacterium triplex,M. simiae complex,GCF_000689255.1
Mycobacterium triviale,M. triviale group,GCF_002102395.1
Mycobacterium virginiense,M. terrae complex,GCF_022374935.2
Mycobacterium vulneris,M. avium complex,GCF_002104765.1
Mycobacterium wolinskyi,M. smegmatis group,GCF_002101965.1
Mycobacterium crassicus,M. terrae complex,GCF_020181615.2
Mycobacterium nativiensis,M. terrae complex,GCF_020172685.2
Mycobacterium vasticus,M. terrae complex,GCF_020181595.2
Mycobacterium zoologicum,M. terrae complex,GCF_020181635.2